ID,Timestamp,Temperature (°C),Humidity (%),CO2 (ppm),NH3,H2S,CH4
16772,2025-04-03 17:18:39,85.62,54.71,397.0,5.924,1.84947,1.27409
16771,2025-04-03 17:18:32,85.65,54.71,397.0,5.90289,1.84398,1.25978
16770,2025-04-03 17:18:27,85.66,54.72,396.0,5.89963,1.84533,1.26507
16769,2025-04-03 17:18:21,85.74,54.64,396.0,5.9015,1.84345,1.25171
16768,2025-04-03 17:18:16,85.79,54.62,396.0,5.95955,1.84782,1.2617
16767,2025-04-03 17:18:10,85.87,54.67,396.0,5.91065,1.84641,1.25332
16766,2025-04-03 17:18:05,85.79,54.73,395.0,5.87439,1.84926,1.24063
16765,2025-04-03 17:17:58,85.76,54.75,393.0,5.87368,1.84401,1.2502
16764,2025-04-03 17:17:54,85.63,54.76,393.0,5.88774,1.84232,1.24992
16763,2025-04-03 17:17:47,85.63,54.77,393.0,5.85695,1.84051,1.24086
16762,2025-04-03 17:17:43,85.68,54.83,393.0,5.81857,1.83255,1.22673
16761,2025-04-03 17:17:36,85.66,54.83,393.0,5.83575,1.83881,1.22598
16760,2025-04-03 17:17:31,85.64,54.84,395.0,5.8705,1.83942,1.22488
16759,2025-04-03 17:17:25,85.6,54.85,396.0,5.86536,1.83724,1.23304
16758,2025-04-03 17:17:20,85.63,54.83,396.0,5.84753,1.83579,1.22646
16757,2025-04-03 17:17:14,85.63,54.88,394.0,5.81932,1.83381,1.21345
16756,2025-04-03 17:17:09,85.6,54.89,394.0,5.82668,1.83569,1.20124
16755,2025-04-03 17:17:02,85.49,54.99,393.0,5.91077,1.84456,1.22126
16754,2025-04-03 17:16:58,85.41,54.9,395.0,5.93339,1.84532,1.22199
16753,2025-04-03 17:16:51,85.48,54.93,394.0,5.88836,1.84157,1.20104
16752,2025-04-03 17:16:46,85.55,55.04,394.0,5.88657,1.84553,1.19341
16751,2025-04-03 17:16:40,85.46,55.09,393.0,5.91045,1.84931,1.22831
16750,2025-04-03 17:16:35,85.34,55.16,395.0,5.94685,1.85456,1.24711
16749,2025-04-03 17:16:29,85.24,55.2,394.0,5.94372,1.85605,1.2471
16748,2025-04-03 17:16:24,85.35,55.16,395.0,6.01427,1.86193,1.26429
16747,2025-04-03 17:16:17,85.41,55.1,395.0,5.9833,1.85959,1.26129
16746,2025-04-03 17:16:13,85.34,55.16,394.0,5.94169,1.85634,1.24626
16745,2025-04-03 17:16:06,85.31,55.15,393.0,5.96988,1.85678,1.24382
16744,2025-04-03 17:16:02,85.37,55.1,393.0,6.02628,1.85919,1.26159
16743,2025-04-03 17:15:55,85.31,55.13,392.0,6.02185,1.86298,1.25665
16742,2025-04-03 17:15:50,85.36,55.21,392.0,5.98915,1.86309,1.23929
16741,2025-04-03 17:15:44,85.35,55.22,392.0,6.07135,1.86306,1.26194
16740,2025-04-03 17:15:39,85.27,55.26,394.0,6.09348,1.86865,1.26485
16739,2025-04-03 17:15:33,85.25,55.22,394.0,6.08499,1.86679,1.26985
16738,2025-04-03 17:15:28,85.23,55.18,393.0,6.09152,1.86852,1.25366
16737,2025-04-03 17:15:21,85.32,55.11,394.0,6.072,1.866,1.25379
16736,2025-04-03 17:15:17,85.43,55.12,394.0,6.15231,1.87263,1.27988
16735,2025-04-03 17:15:10,85.53,55.05,396.0,6.07868,1.86853,1.24669
16734,2025-04-03 17:15:06,85.6,55.11,397.0,6.0476,1.86527,1.23997
16733,2025-04-03 17:14:59,85.61,55.12,396.0,6.13069,1.87369,1.2545
16732,2025-04-03 17:14:54,85.7,55.0,394.0,6.16542,1.87509,1.25199
16731,2025-04-03 17:14:48,85.84,55.03,396.0,6.22025,1.88424,1.2848
16730,2025-04-03 17:14:43,85.77,55.06,396.0,6.18246,1.8761,1.25212
16729,2025-04-03 17:14:37,85.71,55.08,396.0,6.2229,1.88004,1.25741
16728,2025-04-03 17:14:32,85.76,55.03,397.0,6.23054,1.87932,1.26369
16727,2025-04-03 17:14:25,85.98,54.93,396.0,6.27707,1.88419,1.26749
16726,2025-04-03 17:14:21,86.01,54.98,396.0,6.21858,1.88075,1.24722
16725,2025-04-03 17:14:14,85.91,55.04,396.0,6.20921,1.87712,1.253
16724,2025-04-03 17:14:10,85.89,55.05,396.0,6.20544,1.87325,1.2616
16723,2025-04-03 17:14:03,85.84,55.11,399.0,6.26681,1.879,1.25756
16722,2025-04-03 17:13:58,85.79,55.15,400.0,6.22217,1.87563,1.2581
16721,2025-04-03 17:13:52,85.77,55.21,400.0,6.28417,1.88136,1.26657
16720,2025-04-03 17:13:47,85.65,55.2,399.0,6.31832,1.8819,1.27262
16719,2025-04-03 17:13:41,85.81,55.03,399.0,6.31824,1.88564,1.27346
16718,2025-04-03 17:13:36,85.98,54.95,400.0,6.28011,1.88225,1.24215
16717,2025-04-03 17:13:29,85.98,54.97,398.0,6.44392,1.89815,1.28057
16716,2025-04-03 17:13:25,86.03,55.02,398.0,6.40705,1.89659,1.25329
16715,2025-04-03 17:13:18,86.12,55.01,397.0,6.37073,1.89297,1.22092
16714,2025-04-03 17:13:13,86.09,54.98,398.0,6.55537,1.91195,1.30745
16713,2025-04-03 17:13:07,86.05,55.0,399.0,6.56493,1.91534,1.3148
16712,2025-04-03 17:13:02,86.02,55.02,401.0,6.57394,1.90922,1.36022
16711,2025-04-03 17:12:56,86.08,55.02,401.0,6.49442,1.90705,1.29886
16710,2025-04-03 17:12:51,86.06,55.06,399.0,6.52805,1.91185,1.31439
16709,2025-04-03 17:12:44,86.12,55.02,399.0,6.53055,1.91424,1.31704
16708,2025-04-03 17:12:40,86.12,55.0,399.0,6.6198,1.92501,1.34254
16707,2025-04-03 17:12:33,86.11,55.08,398.0,6.3676,1.8996,1.27835
16706,2025-04-03 17:12:29,86.02,55.13,396.0,6.3485,1.89534,1.25465
16705,2025-04-03 17:12:22,85.91,55.18,396.0,6.4327,1.89916,1.25964
16704,2025-04-03 17:12:17,85.87,55.17,394.0,6.41587,1.89525,1.26708
16703,2025-04-03 17:12:11,85.8,55.22,394.0,6.59756,1.92606,1.33096
16702,2025-04-03 17:12:06,85.85,55.23,394.0,6.49333,1.90981,1.29971
16701,2025-04-03 17:12:00,85.91,55.22,395.0,6.47432,1.91037,1.29449
16700,2025-04-03 17:11:55,85.89,55.22,394.0,6.49554,1.91024,1.29763
16699,2025-04-03 17:11:48,85.97,55.18,393.0,6.54775,1.91044,1.35403
16698,2025-04-03 17:11:44,86.09,55.16,391.0,6.46956,1.90725,1.28521
16697,2025-04-03 17:11:37,86.04,55.17,392.0,6.52504,1.91301,1.3126
16696,2025-04-03 17:11:33,86.02,55.24,395.0,6.46563,1.90419,1.31538
16695,2025-04-03 17:11:26,85.96,55.24,395.0,6.46716,1.90982,1.29523
16694,2025-04-03 17:11:21,86.08,55.08,396.0,6.54015,1.91409,1.31137
16693,2025-04-03 17:11:15,86.2,55.04,396.0,6.56206,1.91629,1.33174
16692,2025-04-03 17:11:10,86.33,55.0,395.0,6.5432,1.9204,1.34575
16691,2025-04-03 17:11:04,86.18,55.09,393.0,6.41079,1.90413,1.27351
16690,2025-04-03 17:10:59,86.18,55.09,393.0,6.50036,1.90827,1.30016
16689,2025-04-03 17:10:52,86.12,55.12,393.0,6.5338,1.91218,1.32342
16688,2025-04-03 17:10:48,86.1,55.1,394.0,6.54236,1.91589,1.28617
16687,2025-04-03 17:10:41,86.13,55.11,394.0,6.68923,1.93253,1.34911
16686,2025-04-03 17:10:37,86.12,55.12,394.0,6.61744,1.92862,1.34501
16685,2025-04-03 17:10:30,86.11,55.17,392.0,6.65388,1.92883,1.34432
16684,2025-04-03 17:10:25,86.12,55.15,391.0,6.57617,1.92517,1.33029
16683,2025-04-03 17:10:19,86.14,55.16,390.0,6.57599,1.92001,1.34039
16682,2025-04-03 17:10:14,86.31,55.06,392.0,6.56441,1.92106,1.33059
16681,2025-04-03 17:10:08,86.29,55.11,393.0,6.62173,1.92439,1.34699
16680,2025-04-03 17:10:03,86.24,55.15,395.0,6.48432,1.90926,1.29806
16679,2025-04-03 17:09:56,86.13,55.23,396.0,6.54731,1.91558,1.32001
16678,2025-04-03 17:09:52,86.11,55.17,397.0,6.45487,1.91204,1.2896
16677,2025-04-03 17:09:45,86.28,55.05,397.0,6.56849,1.91905,1.32943
16676,2025-04-03 17:09:41,86.21,55.13,397.0,6.62489,1.92399,1.3488
16675,2025-04-03 17:09:34,86.19,55.06,398.0,6.49502,1.91705,1.29614
16674,2025-04-03 17:09:29,86.27,55.13,398.0,6.53887,1.91816,1.32871
16673,2025-04-03 17:09:23,86.2,55.11,398.0,6.56433,1.9223,1.34362
16672,2025-04-03 17:09:18,86.21,55.1,398.0,6.50889,1.91641,1.29079
16671,2025-04-03 17:09:11,86.33,55.0,398.0,6.60323,1.92531,1.34458
16670,2025-04-03 17:09:07,86.26,55.08,398.0,6.69581,1.93579,1.35287
16669,2025-04-03 17:09:00,86.18,55.13,398.0,6.68005,1.94101,1.33027
16668,2025-04-03 17:08:56,86.05,55.23,397.0,6.7428,1.94801,1.33509
16667,2025-04-03 17:08:50,85.93,55.25,395.0,6.73088,1.94133,1.34941
16666,2025-04-03 17:08:44,85.89,55.37,393.0,6.81046,1.95238,1.39365
16665,2025-04-03 17:08:38,85.77,55.41,394.0,6.99668,1.97211,1.4668
16664,2025-04-03 17:08:33,85.76,55.4,394.0,6.72575,1.94672,1.38065
16663,2025-04-03 17:08:27,85.63,55.47,394.0,6.70174,1.94808,1.37023
16662,2025-04-03 17:08:22,85.61,55.38,396.0,6.73392,1.94728,1.37879
16661,2025-04-03 17:08:15,85.75,55.35,395.0,6.62089,1.9401,1.34437
16660,2025-04-03 17:08:11,85.84,55.33,395.0,6.82035,1.95102,1.44144
16659,2025-04-03 17:08:04,85.75,55.43,396.0,6.75278,1.94851,1.42388
16658,2025-04-03 17:08:00,85.71,55.39,395.0,6.54923,1.9334,1.36231
16657,2025-04-03 17:07:53,85.69,55.45,395.0,6.50105,1.92934,1.38884
16656,2025-04-03 17:07:48,85.72,55.45,395.0,6.48483,1.92833,1.34869
16655,2025-04-03 17:07:42,85.69,55.44,394.0,6.46777,1.92794,1.3526
16654,2025-04-03 17:07:37,85.64,55.49,394.0,6.38453,1.91959,1.3108
16653,2025-04-03 17:07:31,85.53,55.5,394.0,6.46976,1.92882,1.33415
16652,2025-04-03 17:07:26,85.55,55.43,394.0,6.47359,1.92436,1.36095
16651,2025-04-03 17:07:19,85.63,55.51,394.0,6.31301,1.91133,1.28068
16650,2025-04-03 17:07:15,85.5,55.54,392.0,6.32861,1.90576,1.33775
16649,2025-04-03 17:07:08,85.46,55.64,391.0,6.44723,1.92027,1.36958
16648,2025-04-03 17:07:04,85.38,55.71,390.0,6.49407,1.92603,1.40274
16647,2025-04-03 17:06:59,85.35,55.72,391.0,6.21352,1.88866,1.32042
16646,2025-04-03 17:06:52,85.33,55.73,391.0,6.18777,1.88862,1.30522
16645,2025-04-03 17:06:46,85.42,55.69,391.0,6.02107,1.87369,1.2455
16644,2025-04-03 17:06:41,85.53,55.66,391.0,6.0565,1.87816,1.27576
16643,2025-04-03 17:06:35,85.41,55.78,393.0,6.29235,1.89951,1.33027
16642,2025-04-03 17:06:30,85.32,55.79,392.0,6.23918,1.89069,1.32344
16641,2025-04-03 17:06:23,85.27,55.8,392.0,6.34666,1.9101,1.33193
16640,2025-04-03 17:06:19,85.31,55.76,392.0,6.2712,1.89378,1.2978
16639,2025-04-03 17:06:12,85.46,55.72,395.0,6.27775,1.90144,1.32711
16638,2025-04-03 17:06:07,85.56,55.66,395.0,6.22555,1.89234,1.30388
16637,2025-04-03 17:06:01,85.69,55.6,396.0,6.37281,1.90701,1.38228
16636,2025-04-03 17:05:56,85.86,55.45,397.0,6.35997,1.91019,1.3657
16635,2025-04-03 17:05:50,86.07,55.28,397.0,6.24497,1.89574,1.34902
16634,2025-04-03 17:05:45,86.23,55.3,397.0,6.07125,1.87312,1.25692
16633,2025-04-03 17:05:38,86.18,55.37,399.0,6.07169,1.87563,1.25193
16632,2025-04-03 17:05:34,86.08,55.43,401.0,6.11954,1.88005,1.26668
16631,2025-04-03 17:05:27,86.03,55.53,400.0,6.13339,1.88178,1.27624
16630,2025-04-03 17:05:23,85.96,55.45,401.0,6.1321,1.87867,1.26719
16629,2025-04-03 17:05:16,85.98,55.51,400.0,6.12195,1.88375,1.26287
16628,2025-04-03 17:05:11,85.95,55.57,399.0,6.15485,1.88718,1.27228
16627,2025-04-03 17:05:05,85.87,55.59,399.0,6.19004,1.89,1.27447
16626,2025-04-03 17:05:00,85.94,55.5,400.0,6.19972,1.8888,1.27307
16625,2025-04-03 17:04:54,86.05,55.44,400.0,6.23253,1.89121,1.27361
16624,2025-04-03 17:04:49,86.23,55.42,401.0,6.2263,1.89029,1.28466
16623,2025-04-03 17:04:42,86.24,55.43,399.0,6.18653,1.89003,1.26564
16622,2025-04-03 17:04:38,86.31,55.41,400.0,6.29946,1.88968,1.33461
16621,2025-04-03 17:04:31,86.28,55.45,399.0,6.17493,1.88593,1.26566
16620,2025-04-03 17:04:27,86.34,55.38,401.0,6.16132,1.88751,1.26469
16619,2025-04-03 17:04:20,86.38,55.4,400.0,6.13427,1.88035,1.25434
16618,2025-04-03 17:04:15,86.54,55.45,402.0,6.14312,1.88387,1.26057
16617,2025-04-03 17:04:09,86.54,55.41,403.0,6.13259,1.8861,1.26079
16616,2025-04-03 17:04:04,86.53,55.47,403.0,6.19029,1.88806,1.27657
16615,2025-04-03 17:03:58,86.54,55.44,403.0,6.1801,1.88778,1.27201
16614,2025-04-03 17:03:53,86.55,55.48,402.0,6.22093,1.88806,1.28262
16613,2025-04-03 17:03:46,86.5,55.48,404.0,6.22058,1.89009,1.27717
16612,2025-04-03 17:03:42,86.48,55.44,404.0,6.24539,1.89444,1.279
16611,2025-04-03 17:03:35,86.51,55.49,403.0,6.18844,1.88997,1.26781
16610,2025-04-03 17:03:31,86.48,55.57,402.0,6.20485,1.89108,1.26465
16609,2025-04-03 17:03:24,86.39,55.68,401.0,6.2216,1.89299,1.2599
16608,2025-04-03 17:03:19,86.45,55.65,401.0,6.25364,1.89304,1.26996
16607,2025-04-03 17:03:13,86.45,55.63,399.0,6.23041,1.89453,1.25992
16606,2025-04-03 17:03:08,86.47,55.57,400.0,6.25726,1.89427,1.26217
16605,2025-04-03 17:03:02,86.54,55.56,398.0,6.24302,1.89115,1.2707
16604,2025-04-03 17:02:57,86.72,55.55,400.0,6.17405,1.88971,1.26295
16603,2025-04-03 17:02:50,86.71,55.58,402.0,6.12227,1.88189,1.24332
16602,2025-04-03 17:02:46,86.71,55.5,402.0,6.13375,1.88458,1.23604
16601,2025-04-03 17:02:39,86.74,55.44,401.0,6.20257,1.89333,1.24089
16600,2025-04-03 17:02:35,86.84,55.4,402.0,6.18347,1.89045,1.239
16599,2025-04-03 17:02:28,87.0,55.33,400.0,6.18897,1.89222,1.23015
16598,2025-04-03 17:02:23,86.97,55.34,399.0,6.20083,1.89545,1.23454
16597,2025-04-03 17:02:17,87.06,55.37,399.0,6.19098,1.89926,1.24109
16596,2025-04-03 17:02:12,87.03,55.43,398.0,6.25078,1.90063,1.2428
16595,2025-04-03 17:02:05,86.95,55.46,398.0,6.38893,1.9168,1.29133
16594,2025-04-03 17:02:01,86.9,55.51,400.0,6.40811,1.91707,1.29327
16593,2025-04-03 17:01:54,86.88,55.51,400.0,6.44347,1.91377,1.28829
16592,2025-04-03 17:01:50,86.85,55.62,396.0,6.40019,1.91723,1.28251
16591,2025-04-03 17:01:43,86.83,55.63,395.0,6.41103,1.91682,1.27669
16590,2025-04-03 17:01:38,86.76,55.68,393.0,6.44707,1.9201,1.27176
16589,2025-04-03 17:01:32,86.58,55.76,392.0,6.41053,1.91865,1.25449
16588,2025-04-03 17:01:27,86.51,55.77,394.0,6.38402,1.91713,1.25542
16587,2025-04-03 17:01:22,86.45,55.88,396.0,6.4669,1.92326,1.28711
16586,2025-04-03 17:01:16,86.39,55.93,397.0,6.44347,1.92464,1.28845
16585,2025-04-03 17:01:09,86.27,55.98,399.0,6.43868,1.92801,1.28137
16584,2025-04-03 17:01:05,86.1,56.01,402.0,6.37287,1.92058,1.26659
16583,2025-04-03 17:00:58,86.25,55.92,403.0,6.4178,1.92268,1.27661
16582,2025-04-03 17:00:54,86.35,55.86,403.0,6.45843,1.92989,1.29366
16581,2025-04-03 17:00:48,86.4,55.83,404.0,6.4492,1.92473,1.29672
16580,2025-04-03 17:00:42,86.59,55.87,405.0,6.464,1.92378,1.28597
16579,2025-04-03 17:00:36,86.58,55.75,406.0,6.49819,1.92972,1.29994
16578,2025-04-03 17:00:31,86.68,55.85,407.0,6.46032,1.92407,1.2793
16577,2025-04-03 17:00:25,86.66,55.82,407.0,6.58626,1.9317,1.31426
16576,2025-04-03 17:00:20,86.47,55.98,409.0,6.48754,1.92501,1.28089
16575,2025-04-03 17:00:13,86.35,56.1,408.0,6.46341,1.92138,1.27416
16574,2025-04-03 17:00:09,86.23,56.14,408.0,6.49474,1.92877,1.28511
16573,2025-04-03 17:00:02,86.16,56.15,408.0,6.51584,1.93069,1.29275
16572,2025-04-03 16:59:58,86.07,56.3,407.0,6.52665,1.93249,1.31119
16571,2025-04-03 16:59:51,85.91,56.35,405.0,6.43884,1.92774,1.29533
16570,2025-04-03 16:59:46,85.8,56.36,405.0,6.36979,1.91632,1.28603
16569,2025-04-03 16:59:40,85.91,56.34,405.0,6.35346,1.9138,1.28322
16568,2025-04-03 16:59:35,85.95,56.32,405.0,6.27331,1.90912,1.26513
16567,2025-04-03 16:59:29,86.08,56.17,404.0,6.2376,1.90622,1.25013
16566,2025-04-03 16:59:24,86.32,56.14,404.0,6.29924,1.91208,1.26014
16565,2025-04-03 16:59:17,86.43,56.08,404.0,6.2599,1.91129,1.2528
16564,2025-04-03 16:59:13,86.41,56.07,403.0,6.31659,1.91447,1.26808
16563,2025-04-03 16:59:06,86.62,55.98,403.0,6.32976,1.91813,1.2698
16562,2025-04-03 16:59:02,86.64,56.03,404.0,6.35854,1.92375,1.26758
16561,2025-04-03 16:58:55,86.58,56.09,406.0,6.34379,1.91838,1.2733
16560,2025-04-03 16:58:50,86.61,56.09,406.0,6.3716,1.92552,1.26916
16559,2025-04-03 16:58:44,86.48,56.14,408.0,6.3386,1.92367,1.24725
16558,2025-04-03 16:58:39,86.53,56.17,410.0,6.36958,1.93021,1.24758
16557,2025-04-03 16:58:32,86.44,56.18,410.0,6.42385,1.93166,1.26814
16556,2025-04-03 16:58:28,86.48,56.14,410.0,6.42723,1.93154,1.27089
16555,2025-04-03 16:58:21,86.59,56.12,410.0,6.44988,1.93598,1.27735
16554,2025-04-03 16:58:17,86.66,56.15,411.0,6.36214,1.92837,1.23932
16553,2025-04-03 16:58:10,86.7,56.13,410.0,6.41012,1.93374,1.25103
16552,2025-04-03 16:58:05,86.67,56.12,410.0,6.395,1.93195,1.23478
16551,2025-04-03 16:57:59,86.64,56.14,411.0,6.40085,1.93834,1.24551
16550,2025-04-03 16:57:54,86.68,56.11,412.0,6.43639,1.94009,1.24329
16549,2025-04-03 16:57:48,86.65,56.12,412.0,6.56161,1.94992,1.26519
16548,2025-04-03 16:57:43,86.58,56.17,413.0,6.61266,1.95895,1.28027
16547,2025-04-03 16:57:36,86.51,56.26,412.0,6.655,1.96096,1.28603
16546,2025-04-03 16:57:32,86.39,56.35,415.0,6.60588,1.95744,1.27986
16545,2025-04-03 16:57:25,86.23,56.46,416.0,6.6274,1.95814,1.28499
16544,2025-04-03 16:57:21,86.15,56.45,415.0,6.61323,1.95645,1.2867
16543,2025-04-03 16:57:14,86.07,56.45,415.0,6.5411,1.94964,1.2688
16542,2025-04-03 16:57:09,86.27,56.52,417.0,6.50636,1.94634,1.24629
16541,2025-04-03 16:57:04,86.23,56.5,417.0,6.55953,1.95176,1.26415
16540,2025-04-03 16:56:58,86.16,56.54,418.0,6.49793,1.94654,1.23573
16539,2025-04-03 16:56:52,86.06,56.59,418.0,6.5446,1.94968,1.24922
16538,2025-04-03 16:56:47,86.02,56.65,419.0,6.60866,1.95198,1.26697
16537,2025-04-03 16:56:40,86.06,56.62,421.0,6.66692,1.96184,1.30527
16536,2025-04-03 16:56:36,86.13,56.55,422.0,6.62341,1.9575,1.26224
16535,2025-04-03 16:56:29,86.23,56.5,424.0,6.65136,1.95981,1.26938
16534,2025-04-03 16:56:25,86.22,56.51,423.0,6.66324,1.96215,1.27666
16533,2025-04-03 16:56:18,86.19,56.56,425.0,6.62949,1.953,1.2588
16532,2025-04-03 16:56:13,86.18,56.59,425.0,6.62154,1.95506,1.25276
16531,2025-04-03 16:56:07,86.03,56.51,425.0,6.63824,1.96155,1.25893
16530,2025-04-03 16:56:02,86.11,56.53,425.0,6.60919,1.96224,1.25918
16529,2025-04-03 16:55:56,86.16,56.53,426.0,6.67778,1.96421,1.26461
16528,2025-04-03 16:55:51,86.04,56.57,427.0,6.63141,1.96016,1.25344
16527,2025-04-03 16:55:44,86.08,56.56,429.0,6.66332,1.96345,1.27697
16526,2025-04-03 16:55:40,86.07,56.59,431.0,6.70716,1.97172,1.28251
16525,2025-04-03 16:55:33,86.02,56.67,434.0,6.68192,1.96508,1.27946
16524,2025-04-03 16:55:29,85.99,56.7,435.0,6.69089,1.96654,1.27237
16523,2025-04-03 16:55:22,85.9,56.73,437.0,6.63425,1.95953,1.26305
16522,2025-04-03 16:55:17,85.82,56.86,437.0,6.64358,1.9626,1.26465
16521,2025-04-03 16:55:11,85.75,56.86,436.0,6.63245,1.96054,1.26167
16520,2025-04-03 16:55:06,85.66,56.94,436.0,6.63944,1.96118,1.26087
16519,2025-04-03 16:54:59,85.46,57.03,435.0,6.67173,1.96751,1.27192
16518,2025-04-03 16:54:55,85.48,57.04,436.0,6.68439,1.96733,1.26352
16517,2025-04-03 16:54:48,85.58,56.98,439.0,6.68625,1.96885,1.26381
16516,2025-04-03 16:54:44,85.58,56.92,441.0,6.72665,1.97509,1.27703
16515,2025-04-03 16:54:37,85.59,56.93,441.0,6.71913,1.9772,1.26994
16514,2025-04-03 16:54:32,85.58,56.9,442.0,6.72007,1.97613,1.27485
16513,2025-04-03 16:54:26,85.57,56.87,442.0,6.72864,1.97874,1.27657
16512,2025-04-03 16:54:21,85.67,56.85,441.0,6.6849,1.97165,1.26256
16511,2025-04-03 16:54:15,85.72,56.95,440.0,6.65165,1.97021,1.24882
16510,2025-04-03 16:54:10,85.61,57.02,442.0,6.68201,1.97228,1.25646
16509,2025-04-03 16:54:03,85.65,56.97,441.0,6.70237,1.97896,1.27008
16508,2025-04-03 16:53:59,85.61,57.06,441.0,6.70395,1.98019,1.26999
16507,2025-04-03 16:53:52,85.57,57.11,442.0,6.72146,1.97663,1.27531
16506,2025-04-03 16:53:48,85.55,57.01,442.0,6.73512,1.97904,1.28085
16505,2025-04-03 16:53:41,85.57,56.95,441.0,6.77205,1.98532,1.28009
16504,2025-04-03 16:53:36,85.61,56.94,443.0,6.77936,1.98549,1.27527
16503,2025-04-03 16:53:30,85.63,56.95,443.0,6.7916,1.99073,1.27685
16502,2025-04-03 16:53:25,85.65,56.97,445.0,6.79251,1.99067,1.28628
16501,2025-04-03 16:53:19,85.68,57.01,446.0,6.80351,1.98682,1.2878
16500,2025-04-03 16:53:14,85.44,57.13,447.0,6.76702,1.98655,1.26255
16499,2025-04-03 16:53:07,85.28,57.24,447.0,6.81207,1.99127,1.27918
16498,2025-04-03 16:53:03,85.11,57.32,449.0,6.8125,1.99045,1.28766
16497,2025-04-03 16:52:56,85.02,57.37,449.0,6.76054,1.98427,1.26968
16496,2025-04-03 16:52:52,84.87,57.51,450.0,6.7564,1.98855,1.28154
16495,2025-04-03 16:52:45,84.88,57.48,450.0,6.71001,1.98288,1.26471
16494,2025-04-03 16:52:40,84.87,57.45,450.0,6.73906,1.98647,1.26506
16493,2025-04-03 16:52:34,85.02,57.35,452.0,6.77108,1.98882,1.2666
16492,2025-04-03 16:52:29,85.13,57.25,451.0,6.81119,1.99,1.27948
16491,2025-04-03 16:52:23,85.14,57.35,452.0,6.75428,1.98847,1.27617
16490,2025-04-03 16:52:18,85.04,57.34,454.0,6.77061,1.9883,1.27522
16489,2025-04-03 16:52:11,85.12,57.31,454.0,6.77246,1.98831,1.26608
16488,2025-04-03 16:52:07,85.16,57.36,455.0,6.73333,1.98181,1.23231
16487,2025-04-03 16:52:00,85.14,57.49,456.0,6.74905,1.97915,1.2725
16486,2025-04-03 16:51:56,85.1,57.37,456.0,6.72314,1.96976,1.2622
16485,2025-04-03 16:51:49,85.14,57.36,457.0,6.75479,1.97776,1.29134
16484,2025-04-03 16:51:44,85.22,57.41,456.0,6.73072,1.98026,1.27538
16483,2025-04-03 16:51:38,85.38,57.24,458.0,6.653,1.9646,1.22844
16482,2025-04-03 16:51:33,85.49,57.17,459.0,6.79145,1.97586,1.30166
16481,2025-04-03 16:51:27,85.44,57.16,459.0,6.83908,1.98246,1.31139
16480,2025-04-03 16:51:22,85.41,57.26,457.0,6.56698,1.9583,1.19775
16479,2025-04-03 16:51:15,85.43,57.21,459.0,6.57338,1.96134,1.18772
16478,2025-04-03 16:51:11,85.58,57.21,459.0,6.60175,1.95916,1.19216
16477,2025-04-03 16:51:04,85.52,57.25,462.0,6.62124,1.96636,1.19912
16476,2025-04-03 16:50:59,85.49,57.31,464.0,6.62792,1.96261,1.20448
16475,2025-04-03 16:50:53,85.39,57.33,465.0,6.57983,1.96264,1.20329
16474,2025-04-03 16:50:48,85.25,57.46,466.0,6.55691,1.96122,1.19791
16473,2025-04-03 16:50:42,85.15,57.47,468.0,6.53841,1.96368,1.19885
16472,2025-04-03 16:50:37,85.14,57.47,468.0,6.51063,1.96317,1.19695
16471,2025-04-03 16:50:30,85.13,57.5,467.0,6.49645,1.96046,1.18943
16470,2025-04-03 16:50:26,85.2,57.53,466.0,6.50012,1.9638,1.18587
16469,2025-04-03 16:50:19,85.21,57.46,465.0,6.46535,1.96092,1.18717
16468,2025-04-03 16:50:15,85.25,57.44,465.0,6.47146,1.96219,1.18728
16467,2025-04-03 16:50:08,85.21,57.48,464.0,6.44606,1.96274,1.18346
16466,2025-04-03 16:50:03,85.03,57.66,466.0,6.39873,1.95959,1.17465
16465,2025-04-03 16:49:57,84.83,57.7,466.0,6.36699,1.95662,1.18144
16464,2025-04-03 16:49:52,84.8,57.79,467.0,6.35338,1.95729,1.174
16463,2025-04-03 16:49:46,84.83,57.76,467.0,6.33627,1.95302,1.17419
16462,2025-04-03 16:49:41,84.9,57.71,468.0,6.29921,1.95499,1.15547
16461,2025-04-03 16:49:34,85.01,57.71,472.0,6.32542,1.95574,1.16663
16460,2025-04-03 16:49:30,85.04,57.67,473.0,6.34653,1.96416,1.16711
16459,2025-04-03 16:49:23,85.07,57.7,472.0,6.36786,1.96819,1.15407
16458,2025-04-03 16:49:19,85.04,57.73,473.0,6.34744,1.96357,1.15118
16457,2025-04-03 16:49:12,85.07,57.76,474.0,6.36882,1.96579,1.15462
16456,2025-04-03 16:49:07,85.12,57.76,475.0,6.38095,1.96409,1.15391
16455,2025-04-03 16:49:01,85.27,57.64,478.0,6.35555,1.96627,1.15102
16454,2025-04-03 16:48:56,85.41,57.63,480.0,6.36929,1.9679,1.17095
16453,2025-04-03 16:48:50,85.4,57.68,480.0,6.27421,1.9569,1.14168
16452,2025-04-03 16:48:45,85.5,57.62,481.0,6.27816,1.95943,1.14681
16451,2025-04-03 16:48:38,85.57,57.58,482.0,6.19901,1.95826,1.11497
16450,2025-04-03 16:48:34,85.55,57.61,485.0,6.22378,1.96013,1.10758
16449,2025-04-03 16:48:27,85.5,57.62,486.0,6.2437,1.96403,1.09995
16448,2025-04-03 16:48:23,85.48,57.61,488.0,6.25458,1.96576,1.09923
16447,2025-04-03 16:48:16,85.46,57.64,490.0,6.34864,1.97404,1.11471
16446,2025-04-03 16:48:12,85.46,57.63,489.0,6.37639,1.97944,1.10907
16445,2025-04-03 16:48:05,85.48,57.64,491.0,6.48712,1.98803,1.14613
16444,2025-04-03 16:48:01,85.44,57.68,491.0,6.50139,1.98892,1.15085
16442,2025-04-03 16:48:00,85.38,58.24,529.0,6.6701,2.02735,1.11189
16443,2025-04-03 16:48:00,85.37,58.26,530.0,6.69554,2.0248,1.11373
16440,2025-04-03 16:47:59,85.33,58.3,531.0,6.67012,2.02584,1.10215
16441,2025-04-03 16:47:59,85.41,58.23,530.0,6.7142,2.03133,1.11742
16439,2025-04-03 16:47:58,85.22,58.38,536.0,6.66861,2.0294,1.10382
16438,2025-04-03 16:45:08,85.29,58.33,539.0,6.65778,2.03284,1.09351
16437,2025-04-03 16:44:58,85.3,58.32,539.0,6.61525,2.0304,1.08805
16436,2025-04-03 16:44:53,85.32,58.4,541.0,6.62264,2.02971,1.08417
16435,2025-04-03 16:44:46,85.34,58.45,541.0,6.64041,2.03481,1.08833
16434,2025-04-03 16:44:42,85.34,58.43,541.0,6.62286,2.03019,1.08241
16433,2025-04-03 16:44:35,85.34,58.45,542.0,6.59075,2.02937,1.07637
16432,2025-04-03 16:44:30,85.29,58.5,543.0,6.5864,2.02731,1.0644
16431,2025-04-03 16:44:24,85.23,58.56,544.0,6.63088,2.03988,1.07336
16430,2025-04-03 16:44:19,85.21,58.57,545.0,6.67014,2.04524,1.08595
16429,2025-04-03 16:44:13,85.15,58.56,546.0,6.60625,2.04029,1.07011
16428,2025-04-03 16:44:08,85.09,58.54,546.0,6.58951,2.04075,1.05143
16427,2025-04-03 16:44:01,85.11,58.54,549.0,6.58322,2.04525,1.05388
16426,2025-04-03 16:43:57,85.12,58.61,552.0,6.63022,2.05754,1.04647
16425,2025-04-03 16:43:50,85.09,58.63,553.0,6.68168,2.06152,1.06427
16424,2025-04-03 16:43:46,85.05,58.68,556.0,6.7043,2.06504,1.05347
16423,2025-04-03 16:43:39,85.13,58.6,556.0,6.77011,2.07427,1.07269
16422,2025-04-03 16:43:34,85.12,58.65,557.0,6.7116,2.06593,1.06556
16421,2025-04-03 16:43:28,85.11,58.7,557.0,6.68154,2.06701,1.05562
16420,2025-04-03 16:43:23,84.96,58.74,557.0,6.70086,2.07023,1.05662
16419,2025-04-03 16:43:17,84.92,58.74,560.0,6.65846,2.076,1.04898
16418,2025-04-03 16:43:12,84.84,58.74,562.0,6.65307,2.07831,1.03778
16417,2025-04-03 16:43:05,84.88,58.81,562.0,6.66131,2.08104,1.04376
16416,2025-04-03 16:43:01,84.87,58.79,562.0,6.65998,2.08118,1.03916
16415,2025-04-03 16:42:54,84.81,58.83,563.0,6.67534,2.08871,1.03887
16414,2025-04-03 16:42:50,84.81,58.89,565.0,6.71195,2.0926,1.03585
16413,2025-04-03 16:42:43,84.72,58.93,567.0,6.72597,2.09998,1.03165
16412,2025-04-03 16:42:38,84.62,58.98,569.0,6.70686,2.09443,1.02718
16411,2025-04-03 16:42:32,84.33,59.21,573.0,6.75449,2.10123,1.02911
16410,2025-04-03 16:42:27,84.44,59.09,575.0,6.73963,2.1033,1.02415
16409,2025-04-03 16:42:21,84.51,59.02,577.0,6.76163,2.10735,1.02222
16408,2025-04-03 16:42:16,84.49,59.03,578.0,6.75213,2.10978,1.01768
16407,2025-04-03 16:42:09,84.56,58.96,581.0,6.74689,2.11506,1.01598
16406,2025-04-03 16:42:05,84.63,59.01,583.0,6.75123,2.11473,0.996549
16405,2025-04-03 16:41:58,84.63,59.03,584.0,6.71206,2.11763,0.995135
16404,2025-04-03 16:41:54,84.61,59.12,585.0,6.72403,2.11994,0.984414
16403,2025-04-03 16:41:47,84.56,59.16,589.0,6.73172,2.12625,0.983067
16402,2025-04-03 16:41:42,84.44,59.17,591.0,6.77905,2.12841,0.978744
16401,2025-04-03 16:41:36,84.41,59.2,594.0,6.80247,2.13612,0.980431
16400,2025-04-03 16:41:31,84.41,59.22,593.0,6.79178,2.13686,0.97752
16399,2025-04-03 16:41:25,84.37,59.22,597.0,6.82413,2.14228,0.978166
16398,2025-04-03 16:41:20,84.39,59.27,598.0,6.8401,2.14666,0.973673
16397,2025-04-03 16:41:13,84.34,59.25,599.0,6.86892,2.14928,0.984797
16396,2025-04-03 16:41:09,84.24,59.32,603.0,6.84899,2.14656,0.969817
16395,2025-04-03 16:41:02,84.21,59.33,603.0,6.84126,2.14773,0.958931
16394,2025-04-03 16:40:57,84.33,59.26,609.0,6.88159,2.16008,0.952393
16393,2025-04-03 16:40:51,84.31,59.23,610.0,6.95704,2.16548,0.958197
16392,2025-04-03 16:40:46,84.48,59.2,613.0,6.93354,2.1706,0.950288
16391,2025-04-03 16:40:40,84.44,59.21,614.0,6.90453,2.1706,0.936374
16390,2025-04-03 16:40:35,84.5,59.13,615.0,6.9517,2.17372,0.943234
16389,2025-04-03 16:40:28,84.48,59.12,615.0,6.98021,2.1802,0.935179
16388,2025-04-03 16:40:24,84.43,59.15,618.0,6.99411,2.18792,0.923904
16387,2025-04-03 16:40:17,84.5,59.13,618.0,7.0839,2.20151,0.916826
16386,2025-04-03 16:40:13,84.44,59.18,621.0,7.05019,2.20093,0.920781
16385,2025-04-03 16:40:06,84.18,59.28,623.0,7.06728,2.20424,0.913871
16384,2025-04-03 16:40:01,84.13,59.26,626.0,7.06153,2.21143,0.909351
16383,2025-04-03 16:39:55,84.09,59.32,627.0,7.12758,2.22329,0.905471
16382,2025-04-03 16:39:50,84.03,59.35,628.0,7.11034,2.22556,0.898738
16381,2025-04-03 16:39:44,83.92,59.4,631.0,7.15945,2.24685,0.895645
16380,2025-04-03 16:39:39,83.77,59.4,631.0,7.16069,2.23775,0.887832
16379,2025-04-03 16:39:32,83.67,59.44,634.0,7.12381,2.23864,0.878029
16378,2025-04-03 16:39:28,83.59,59.49,636.0,7.15238,2.24891,0.874336
16377,2025-04-03 16:39:21,83.48,59.56,637.0,7.17692,2.25347,0.866822
16376,2025-04-03 16:39:17,83.36,59.59,639.0,7.19664,2.26387,0.859596
16375,2025-04-03 16:39:10,83.32,59.55,640.0,7.20524,2.26911,0.861414
16374,2025-04-03 16:39:05,83.26,59.65,640.0,7.23804,2.27864,0.851213
16373,2025-04-03 16:38:59,83.11,59.65,643.0,7.26255,2.29062,0.843242
16372,2025-04-03 16:38:54,82.95,59.75,644.0,7.34101,2.30268,0.843327
16371,2025-04-03 16:38:48,82.85,59.83,648.0,7.33486,2.30957,0.83128
16370,2025-04-03 16:38:43,82.66,59.87,647.0,7.3403,2.31526,0.816973
16369,2025-04-03 16:38:36,82.66,59.86,647.0,7.25353,2.31476,0.79718
16368,2025-04-03 16:38:32,82.37,59.98,654.0,7.29279,2.32736,0.786535
16367,2025-04-03 16:38:25,82.35,59.96,656.0,7.30734,2.33479,0.783163
16366,2025-04-03 16:38:21,82.26,60.06,656.0,7.3576,2.34689,0.774037
16365,2025-04-03 16:38:14,82.13,60.09,658.0,7.40101,2.35511,0.773736
16364,2025-04-03 16:38:09,81.98,60.18,660.0,7.37759,2.3625,0.751215
16363,2025-04-03 16:38:03,81.91,60.2,662.0,7.3396,2.35869,0.736197
16362,2025-04-03 16:37:58,81.85,60.2,663.0,7.5326,2.39108,0.73943
16361,2025-04-03 16:37:52,81.78,60.19,666.0,7.58295,2.40231,0.742531
16360,2025-04-03 16:37:47,81.78,60.16,664.0,7.53803,2.40762,0.733943
16359,2025-04-03 16:37:40,81.74,60.06,667.0,7.56389,2.41624,0.722879
16358,2025-04-03 16:37:36,81.78,60.1,670.0,7.5838,2.42372,0.705586
16357,2025-04-03 16:37:29,81.66,60.11,671.0,7.54688,2.4294,0.681162
16356,2025-04-03 16:37:26,81.6,60.2,673.0,7.46393,2.43198,0.641449
16354,2025-04-03 16:37:25,80.99,60.23,684.0,8.2377,2.57207,0.57538
16355,2025-04-03 16:37:25,81.04,60.19,683.0,8.24225,2.57256,0.569951
16352,2025-04-03 16:37:24,80.77,60.25,688.0,8.10019,2.57544,0.53424
16353,2025-04-03 16:37:24,80.91,60.22,687.0,8.26314,2.58483,0.556959
16351,2025-04-03 16:37:23,80.54,60.29,688.0,8.24826,2.61478,0.523584
16350,2025-04-03 16:36:39,80.25,60.43,687.0,8.50126,2.67759,0.508837
16349,2025-04-03 16:35:59,80.07,60.42,687.0,8.67618,2.70777,0.501742
16348,2025-04-03 16:35:54,79.92,60.45,691.0,8.82589,2.738,0.491249
16347,2025-04-03 16:35:48,79.78,60.45,691.0,8.94698,2.76373,0.483886
16346,2025-04-03 16:35:43,79.75,60.42,695.0,9.1039,2.7951,0.476567
16345,2025-04-03 16:35:36,79.69,60.39,695.0,9.21161,2.82266,0.46367
16344,2025-04-03 16:35:32,79.61,60.31,696.0,9.42767,2.85644,0.459958
16343,2025-04-03 16:35:25,79.56,60.36,695.0,9.56858,2.88815,0.446757
16342,2025-04-03 16:35:21,79.51,60.37,696.0,9.73304,2.92459,0.435977
16341,2025-04-03 16:35:14,79.39,60.41,696.0,9.90071,2.95693,0.426722
16340,2025-04-03 16:35:09,79.24,60.44,697.0,10.1236,2.99702,0.417356
16339,2025-04-03 16:35:03,79.11,60.34,697.0,10.5029,3.06465,0.41422
16338,2025-04-03 16:34:58,79.05,60.33,701.0,10.8335,3.11843,0.407181
16337,2025-04-03 16:34:52,78.89,60.34,700.0,11.0435,3.15734,0.388423
16336,2025-04-03 16:34:47,78.75,60.28,703.0,11.4101,3.2089,0.386528
16335,2025-04-03 16:34:40,78.51,60.3,704.0,11.3425,3.19515,0.37762
16334,2025-04-03 16:34:36,78.35,60.29,703.0,11.5588,3.24817,0.372256
16333,2025-04-03 16:34:29,78.18,60.24,704.0,11.8123,3.29513,0.369643
16332,2025-04-03 16:34:25,77.94,60.23,704.0,12.1154,3.3548,0.369489
16331,2025-04-03 16:34:18,77.82,60.07,705.0,12.3569,3.41317,0.368693
16330,2025-04-03 16:34:13,77.75,60.04,705.0,12.6416,3.49231,0.362609
16329,2025-04-03 16:34:07,77.63,59.96,708.0,13.7252,3.71427,0.361726
16328,2025-04-03 16:34:02,77.52,59.9,707.0,15.2548,3.93365,0.372534
16326,2025-04-03 16:33:58,76.85,58.71,707.0,28.257,5.29781,0.395379
16327,2025-04-03 16:33:58,76.89,58.91,708.0,25.9499,5.11643,0.392107
16324,2025-04-03 16:33:57,76.95,57.66,705.0,36.822,5.83033,0.415133
16325,2025-04-03 16:33:57,76.91,58.2,707.0,31.4954,5.58668,0.392911
16323,2025-04-03 16:33:56,76.88,57.34,705.0,42.089,6.03665,0.427975
16322,2025-04-03 16:32:38,77.0,55.82,705.0,75.9359,6.62022,0.5385
16321,2025-04-03 16:32:31,77.12,55.35,704.0,88.5719,6.73423,0.591272
16320,2025-04-03 16:32:27,77.22,54.89,704.0,103.468,6.86197,0.666612
16319,2025-04-03 16:32:21,77.36,54.39,702.0,122.727,7.03775,0.835079
16318,2025-04-03 16:32:17,77.52,53.83,712.0,147.425,7.26911,1.23707
16317,2025-04-03 16:32:11,77.64,53.27,695.0,178.011,7.51388,2.67691
16316,2025-04-03 16:32:07,77.81,52.68,719.0,217.877,7.81534,11.7626
16315,2025-04-03 16:32:06,77.93,52.09,764.0,247.57,7.63574,59.8153
16314,2025-04-03 16:31:56,78.01,51.55,763.0,299.463,6.02009,290.668
